id,email,first_name,last_name
0,zzgola@example.org,Mikołaj,Samson
1,justynaklamka@example.com,Oliwier,Muniak
2,rcieciura@example.com,Julita,Skierka
3,kmendak@example.org,Janina,Gosek
4,adrianna31@example.org,Mikołaj,Machowiak
5,dorotaslabosz@example.com,Krystyna,Nesterowicz
6,daniel00@example.net,Elżbieta,Stempel
7,wosiekanita@example.net,Apolonia,Hołota
8,talajtymoteusz@example.net,Kacper,Makosz
9,mkarwot@example.com,Robert,Rzeszut
10,zachleonard@example.com,Sylwia,Gonsior
11,ygaudyn@example.org,Antoni,Krzeszowiec
12,karolkala@example.net,Wiktor,Adrian
13,kaja50@example.org,Paweł,Pielech
14,anita60@example.net,Sebastian,Dybał
15,olgierd72@example.com,Konrad,Feliniak
16,piotrgendek@example.org,Ewelina,Konsek
17,zgalik@example.org,Agnieszka,Wujek
18,bielasdariusz@example.net,Alan,Choina
19,delektaleon@example.com,Marika,Krajniak
20,hubert14@example.com,Gabriel,Makieła
21,alan69@example.com,Krystian,Leśna
22,rmyszak@example.net,Karol,Truchel
23,anastazja61@example.net,Leon,Manista
24,botorleonard@example.com,Justyna,Lament
25,tarasekblanka@example.net,Tobiasz,Kościuszko
26,ingakasiak@example.org,Ida,Zbiciak
27,jerzy95@example.com,Miłosz,Mik
28,maurycy49@example.net,Anita,Wawrzyczek
29,sara93@example.com,Kaja,Banak
30,kocheljan@example.org,Wiktor,Ładziak
31,atrojanek@example.com,Marcel,Frączkiewicz
32,kornel09@example.org,Dawid,Feluś
33,wojciechporzucek@example.com,Tymoteusz,Kempny
34,hadasida@example.com,Damian,Sklorz
35,pmakosz@example.com,Urszula,Góraj
36,blautelzbieta@example.org,Paweł,Zaborek
37,hbartkowicz@example.net,Paweł,Ludwin
38,julita29@example.com,Lidia,Aleksander
39,marianna81@example.com,Albert,Zach
40,janinaszylar@example.com,Kalina,Śledzik
41,szykulakonstanty@example.net,Jeremi,Ciapa
42,hankiewiczmarcel@example.net,Arkadiusz,Fiedorczuk
43,luckiewiczmieszko@example.com,Albert,Hyjek
44,kpacholak@example.net,Marek,Kuźnia
45,szymon74@example.net,Anita,Klinger
46,radoslawcofala@example.com,Jacek,Doliwa
47,milosz09@example.net,Stanisław,Gebauer
48,elizastachelek@example.org,Michał,Pedrycz
49,tymon58@example.net,Marcel,Kokosza
50,sobstyljanina@example.org,Maciej,Szyda
51,marekzubowicz@example.org,Tadeusz,Pryk
52,gaja24@example.com,Franciszek,Słowiak
53,szalatarobert@example.org,Leon,Wicha
54,nuliasz@example.net,Ksawery,Nalewajek
55,lsanetra@example.com,Olga,Barcz
56,krystianmyrcik@example.net,Sonia,Gogola
57,natan05@example.com,Róża,Sass
58,brzykcymarianna@example.org,Dawid,Lukas
59,sajewiczhubert@example.org,Gaja,Osik
60,igor38@example.com,Alex,Wojciech
61,igor91@example.org,Sonia,Nickel
62,oliwiernesterowicz@example.org,Radosław,Rudyk
63,owsiankaangelika@example.net,Nicole,Parafiniuk
64,anitabiesek@example.net,Jędrzej,Sromek
65,grzegorztalaj@example.org,Tomasz,Staniewicz
66,nozkakalina@example.com,Konstanty,Handzel
67,gaja17@example.net,Stanisław,Sygut
68,grzegorz42@example.com,Stanisław,Fularczyk
69,vtywoniuk@example.com,Dagmara,Politowicz
70,kolendoroza@example.com,Karina,Szuta
71,gustaw63@example.org,Lidia,Wyrobek
72,jedrzejlinek@example.org,Klara,Miąsik
73,ernestkonrad@example.net,Ewelina,Niemira
74,bdrywa@example.net,Sebastian,Kaziród
75,klarazawartka@example.org,Blanka,Szyda
76,adamtomaszkiewicz@example.com,Aurelia,Sasak
77,iciarka@example.net,Nikodem,Jędra
78,kapinosjuliusz@example.com,Elżbieta,Gwara
79,sglegola@example.net,Klara,Mydlak
80,kacper42@example.org,Anita,Niklewicz
81,aleksander47@example.net,Dariusz,Lenarcik
82,gustaw58@example.net,Wiktor,Ślebioda
83,bassylwia@example.net,Błażej,Sykała
84,lobaczroksana@example.org,Marcin,Czuryło
85,gmartyn@example.com,Aurelia,Błażejczak
86,pazolaalex@example.org,Cezary,Matejuk
87,yznojek@example.net,Kornel,Tadych
88,antonikonat@example.com,Aleks,Klejna
89,dmajewicz@example.com,Inga,Luks
90,tadeuszchodak@example.org,Alex,Moździerz
91,acofala@example.net,Marcelina,Dziewa
92,tolakosznik@example.net,Michał,Drabczyk
93,minkinabianka@example.org,Robert,Noras
94,krystian50@example.com,Kalina,Drobniak
95,dagmara10@example.net,Nataniel,Stochel
96,bartek82@example.net,Przemysław,Sośniak
97,karina45@example.net,Marianna,Becker
98,andrzejkasica@example.net,Gaja,Wypchło
99,grajbruno@example.net,Igor,Wójt
